<TextFileConfiguration>
	<FilePath>es/ucm/fdi/ici/c2021/practica5/grupo09/data/generalcasebase.txt</FilePath>
	<Delimiters>,</Delimiters>
	<DescriptionClassName>es.ucm.fdi.ici.c2021.practica5.grupo09.CBRengine.pacman.MsPacManDescription</DescriptionClassName>
	<DescriptionMappings>
		<Map>id</Map>
		<Map>distClosestEdibleGhost</Map>
		<Map>distClosestGhost</Map>
		<Map>distToPowerPill</Map>
		<Map>vulnerable</Map>	
		<Map>score</Map>	
		<Map>tipoInterseccion</Map>	
		<Map>numPills</Map>	
	</DescriptionMappings>
	<SolutionClassName>es.ucm.fdi.ici.c2021.practica5.grupo09.CBRengine.pacman.MsPacManSolution</SolutionClassName>
	<SolutionMappings>
		<Map>id</Map>
		<Map>action</Map>
	</SolutionMappings>
	<ResultClassName>es.ucm.fdi.ici.c2021.practica5.grupo09.CBRengine.pacman.MsPacManResult</ResultClassName>
	<ResultMappings>
		<Map>id</Map>
		<Map>score</Map>
	</ResultMappings>
</TextFileConfiguration>